id,name,county,country,lat,lng,founded,website,visitor_centre,description
bushmills,Bushmills Distillery,Antrim,Northern Ireland,55.202936,-6.517221,1784,https://bushmills.com,true,"It's often a surprise to whiskey drinkers to find a village surrounding the famous home of Bushmills whiskey, but the more than eighty listed buildings that shape the centre of this heritage site reflect the long-held position of Bushmills as a place of industry and success.

When water was the most bankable power source around, the mill's pulling profit from the river Bush made the village a significant commercial success in this quiet corner of north Antrim, and the distillery grew from that. It's from a tributary of the same river Bush, called St Columb's Rill, that the Bushmills Distillery still takes its water today, and visitors marvel at how close they can get to a natural water source that is destined to be transformed into the core whiskeys that make up the Bushmills brand. Located just two kilometres from the dramatic Causeway Coast,

the distillery receives more than 120,000 visitors a year, making it one of the most popular tourist destinations in the region.

Bushmills has changed hands many times over the centuries before current owners, Mexican liquor brand Jose Cuervos, took up residence. Its previous owner, Diageo, spent a reputed €100 million modernizing and enlarging the distillery before selling it on. Each change of ownership brought with it the promise of a continued future for the brand and the many local people who are involved in its creation. But, regardless of who has been in charge at any given time, the identity of this truly Irish and Northern Irish brand has never quite been weakened, bringing a rich and exciting layer of experience to the Irish whiskey story."
midleton,Midleton Distillery,Cork,Ireland,51.916344,-8.165174,1825,https://www.jamesonwhiskey.com/en-IE/visit-us/jameson-distillery-midleton,true,
teeling,Teeling Whiskey Distillery,Dublin,Ireland,53.337862,-6.277123,2015,https://teelingwhiskey.com/,true,
waterford,Waterford Distillery,Waterford,Ireland,52.264308,-7.120997,2014,https://waterfordwhisky.com/,false,
clonakilty,Clonakilty Distillery,Cork,Ireland,51.62165,-8.885500,2016,https://www.clonakiltydistillery.ie/,true,"Working distillery, visitor centre, and shop. Tours daily.

The family-run Clonakilty Distillery is a powerful n engine at the heart of this small County Cork town. new This is a place that knows the value of a brand: it's been the home of the secret-recipe Clonakilty black pudding since the 1880s. The young distillery founded by Michael and Helen Scully is, not surprisingly, ambitious to join its famous older neighbour in the pursuit of perfectly-balanced flavours that take root in the landscape around them.

The distillery's story emerges at the point where the ocean meets the land surrounding the Galley Head lighthouse, 200 metres above the sea and a short drive from the town. It's a dramatic location, with the wind and waves of the wild Atlantic testing each generation of the Scully family that has tried to pull a living from the ground here.

The family are eighth-generation farmers, who had attempted to diversify their business a number of times before realizing the value of the barley they were growing from earth seeped in Atlantic sea salt and sand. An idea of a craft whiskey captured their imagination, and grew rapidly into a €10 million waterfront distillery in the town and a bonded warehouse on their land at the coast.

Head distiller Paul Corbett returned to his home county from his role in Teeling Distillery in Dublin to oversee operations, and distilling began in March 2019. As they wait for their own triple-distilled single pot still spirit to mature they have launched the Clonakilty brand using sourced whiskey they have blended and matured."
dingle,Dingle Distillery,Kerry,Ireland,52.141928,-10.289287,2012,https://dingledistillery.ie/,true,"The people behind Dingle Distillery were always ahead of the curve. Years before the current crop of new recruits to the Irish whiskey business, Dingle Distillery was re-inventing what it meant to be an independent craft distillery in Ireland. Three friends and business partners, Oliver Hughes, Liam la Hart, and Peter Mosley found a home for their imagination in Dingle, in County Kerry. The distillery's big blue shed across the bridge at the bottom of the town is a natural part of the landscape now, drawing praise and creating friendships all across the world. No strangers to going it alone, they are also the people behind the Porterhouse group who redrew the map for craft beer decades before it became a trend here.

Dingle has capacity to distil only a small number of casks per day, a restricted quantity that has become a virtue among its fans, encouraging sell-out releases of its four batches among a public keen to collect. The first spirit was distilled in 2012 and it created award-winning

brands Dingle Gin and Dingle Vodka, while it quietly matured its single malt and pot still release.

The staff in the distillery exhibit real pride in their work, and it's hard to overestimate the difference the distillery has made to this close-knit tourist town, not just because of the employment it creates but in the shared sense of identity it conjures. It's a hard-working place, where things happen slowly and by hand: labelling, bottling, tending of casks, mashing.

A well beneath the distillery supplies the water and Dingle's microclimate, with its salty, moist Atlantic air, works its magic beneath the wood. Stories bounce around the building and tours come stuffed with personality. A visit here is a genuinely inspiring event."
west-cork,West Cork Distillers,Cork,Ireland,51.557804,-9.268941,2003,http://www.westcorkdistillers.com/,false,
hinch,Hinch Distillery,Down,Northern Ireland,54.461021,-5.903713,2020,https://hinchdistillery.com/,false,
royal-oak,Royal Oak Distillery,Carlow,Ireland,52.703341,-6.978711,2016,https://royaloakdistillery.com/,true,
tullamore,Tullamore Distillery,Offaly,Ireland,53.377774,-7.492944,2014,https://www.tullamoredew.com,true,
roe-and-co,Roe & Co Distillery,Dublin,Ireland,53.343731,-6.285673,2019,https://www.roeandcowhiskey.com,true,
cooley,Cooley Distillery,Louth,Ireland,53.996544,-6.221563,1987,,true,"Working distillery. No tours available.

The Cooley Distillery is one of two Irish distilleries owned by the international drinks giant Beam Suntory. The other is Kilbeggan in County Westmeath, which had been rebuilt by the Cooley owners before selling to Beam Suntory in 2012.

Founded by John Teeling in 1987, the establishment of the Cooley Distillery kick-started an Irish whiskey journey that has had ramifications for almost everyone in the industry here. After the huge success and subsequent sale of Cooley, John Teeling went on to found the Great Northern Distillery, which, as well as producing its own brand, supplies sourced whiskey to multiple independent whiskey bottlers and retailers, as well as other distilleries. His sons, meanwhile, created the well-known Teeling Distillery in Dublin's Liberties.

Today, Cooley distils three main brands, Connemara and the Tyrconnell, while part-production of the Kilbeggan range has moved from Cooley to the

Kilbeggan Distillery. Situated on the Cooley Peninsula in County Louth, the distillery has become chiefly a production facility since it changed ownership, with very little access to the public."
slane,Slane Distillery,Meath,Ireland,53.711065,-6.562735,2017,https://www.slaneirishwhiskey.com/,true,
kilbeggan,Kilbeggan Distillery,Westmeath,Ireland,53.369369,-7.502809,1757,https://www.kilbegganwhiskey.com,true,"Working distillery, visitor centre, and shop

A distillery was founded on the Kilbeggan site in this County Westmeath town in 1757. Previously known as Locke's, it's Ireland's oldest but, like so many others, it closed its doors in the 1950s in the face of economic difficulty. Bought and restored by the people behind the Cooley Distillery, it now serves as the public face of Japanese drinks giant Beam Suntory's operations in Ireland. Beam Suntory bought the Cooley and Kilbeggan distilleries in 2012.

Cooley now does the majority of the distilling for their three brands, Kilbeggan, Connemara, and Tyrconnell whiskeys. The Kilbeggan Distillery produces its own rye whiskey in its two pot stills just off the distillery courtyard, and matures spirit from Cooley for the Kilbeggan range in its warehouses.

It's a fascinating place to visit, offering one of the clearest experiences of what a working distillery would have

been like at the height of the Irish whiskey boom. Before it was bought, local people had taken it upon themselves to save the building and the great water wheel that drives the mill was central to their plan to bring this historic building at the heart of the town back to life. On a tour you're brought through the building and you get to see the water wheel and the then cutting-edge machinery that it powered. It's a powerful testament to naturally derived power. But, perhaps more importantly, what the local people saved and Cooley restored is a wonderful record of the simplicity of whiskey production."
glendalough,Glendalough Distillery,Wicklow,Ireland,53.085011,-6.1074016,2013,https://www.glendaloughdistillery.com/,false,
sliabh-liag,Sliabh Liag Distillers,Donegal,Ireland,54.6545,-8.633847,2016,https://www.sliabhliagdistillers.com/,true,
killowen,Killowen Distillery,Down,Northern Ireland,,,2019,,,
achill-island,Achill Island Distillery,Mayo,Ireland,,,,,,"A red carpet and Scottish bagpipes heralded the arrival of two copper stills on Achill Island in September 2018 from Speyside in Scotland, where they were manufactured. Drioglann Oilean Acla, as their new home is officially named in the Irish language, is the first distillery to open on an island here. It also lies within the Gaeltacht, that part of Ireland where Irish is still the first language. Owned by the Irish American Trading Company, the distillery and its visitor centre will form part of the fledgling Gaeltacht Distillery Trail, as well as being a major tourist attraction in its own right.

These days, Achill is often approached along the 42 km greenway, which links the Atlantic island to Westport in County Mayo. The greenway was built along the route of a disused railway line and is a hugely popular cycling and walking trail, which cuts through some of the most dramatic landscape in the country.

The Irish American Trading Company, a family-owned business founded by John McKay in 2014, with offices in Dublin and Boston, invested some €4 million in the project. Its master distiller, David Hynes, is also a director of the Great Northern Distillery. Currently, they use sourced whiskey to produce their two whiskeys, which are already available in twenty-six US States."
ballykeefe,Ballykeefe Distillery,Kilkenny,Ireland,52.602034,-7.375774,,https://ballykeefedistillery.ie,true,"Working distillery, visitor centre, and farm There are generations of experience behind the distillery at Ballykeefe in County Kilkenny, which is built on a working beef and tillage farm. Visitors here are likely to meet farmer Morgan Ging and his wife and four children personally, as they run these two perfectly complementary businesses in the heart of rural Ireland. You are also likely to meet their cattle. The farm outhouses were converted to house their three copper stills, which were handmade in Italy by another family business, Barison Industries. The water is their own and the barley is grown on site. Maturing happens here too, in first-fill bourbon barrels, making this one of the most environmentally aware, closed-loop distilleries in the country. They simply do it all themselves.

They've already won more than thirteen international awards for their vodka, poitín, and gin, using the spirit they've distilled since 2016. Their first whiskey is due for bottling in August 2020 but their most recent sample, tasted after nineteen months in barrel, has

fuelled their confidence levels. They use only the highest cut of the distillate, they say, to ensure their whiskey will be extremely smooth, and this early taste is right on target. They have a single malt, a single pot still, and a 100 per cent rye whiskey under way, as well as various blends of this trio.

Bucking the trend of other distilleries, Ballykeefe chose not to launch a sourced-whiskey brand in advance, putting all their stock in their own hard work. Despite their whiskey not being available to taste yet, there's already a well-worn route to Ballykeefe by whiskey societies and individual whiskey fans. This ambitious family affair is a really positive addition to the Irish whiskey landscape, and well worth experiencing first hand for an alternative take on who is building the category."
blackwater,Blackwater Distillery,Waterford,Ireland,52.147581,-8.052973,,https://blackwaterdistillery.ie/,false,"Blackwater Distillery have had tremendous success with their gin products, pouring huge amounts of effort into the creation of a family of gins which is trusted, innovative, and packed with personality. So, becoming the twenty-first Irish whiskey distillery to start operating here, in November 2018, sparked lots of enthusiasm for what they might conjure.

A quick glance at posts on their blog will drop you directly into a refreshing whirl of attitude and opinion on where the future of Irish whiskey is headed. They've challenged themselves in this bright new world of Irish whiskey. Experimenting with maturation isn't enough for these trailblazers to start heralding a revolution, it seems. Instead, they want to create real distance between what they are creating and the rest of the field.

The people behind the distillery, founder and former broadcaster Peter Mulryan, Kieran Curtin, and the head

distiller, US-born John Wilcox, feel this can only be achieved through provenance. Is their whiskey truly Irish and, if so, what determines that? The barley, the water, the wood? Blackwater will be using block-chain technology on every bottle of their double-distilled whiskey so that the customer can scan and see the full production journey, including their use of Irish grains. They'll see where exactly they mature their spirit and the kind of wood they're using. The customer will get complete transparency. That shouldn't be such a radical idea, they suggest.

They've built their business from scratch and appear to have garnered a real sense of who they are and where they want to go in doing so. They're ambitious for Irish whiskey and that's just the fuel they need."
boann,Boann Distillery,Louth,Ireland,53.69459,-6.366558,,http://boanndistillery.ie/,true,"Working distillery and visitor centre. Tours daily.

There aren't many distilleries in Ireland with a solid marble floor, but that was part of the luxury inheritance Boann received when they took up residence on their site in the Boyne valley, near Drogheda, on Ireland's east coast. The building that held the site before the stills arrived was a high-end car showroom and the floor laid for its cash-rich customers was too good to lose, they say. But then, the family behind this distillery are no strangers to a high-quality finish. They've been involved in the drinks industry in Ireland for decades, running the Gleeson Group before setting up Boann's parent company Na Cuana, which also has premium cider, cream liqueur, and craft beer brands in its stable.

Their beer brand bookends the distillery, and visitors to the Boann Distillery's L-shaped building can continue their journey through the Boyne Brewhouse on the same site. Boann is named after an ancient Celtic female god, who is said to have created the

nearby Boyne river, which carves out this historically important slice of the Irish landscape.

They currently use sourced whiskey as their own spirit matures, but you can expect experimental collaboration with their brewhouse in future releases. Plans to use their Imperial Stout casks in finishing their whiskey are already under way. With a close eye on the environment, the Italian engineers behind their stills have included enhanced reflux control on the neck to give better control over output, they say. Additionally, they reference the use of nanotechnology in the still design, creating the conditions for much greater interaction with the copper.

The location twenty-five minutes from Dublin Airport and just off a motorway exit means that the time-poor whiskey tourist eager to get out of Dublin is going to have Boann Distillery firmly in his or her sights.

They currently source whiskey for their Whistler range and aim to produce a future range of triple-distilled single malt and single pot stills under their own steam."
connacht,Connacht Whiskey Distillery,Mayo,Ireland,54.122131,-9.143779,,https://connachtwhiskey.com,true,"Working distillery and gift shop. Tours run twice a day.

Connacht Whiskey Distillery sits on a bend on the river Moy in County Mayo where this famous salmon waterway finally begins to reach its destination, the Atlantic Ocean, some eight kilometres downstream. The river, the distillery, and the recently renewed woodland it neighbours, combined in recent years to rejuvenate this tranquil area - a short walk from the outskirts of Ballina. The distillery's prime location on the Wild Atlantic Way ensures tourism is big business all year round, but also helps their whiskey maturation, they say. They rely on the salty coastal scent of the river at high and low tide, as well as the scents circulating from the trees and flowers of the woodlands to filter through their casks over time, bringing that little something extra to the wood.

Still a young brand, Connacht Distillery ran its first spirit in January 2016. Time ticked by and they celebrated their first official whiskey three years and a day later, on

June 4th 2019. Master distiller Robert Cassell won't let you taste it just yet, though, as it has a few more years of maturing to do. Until then he plans to experiment with casks, finishes, and blends before releasing an aged statement single malt under the Connacht Irish Whiskey name.

The distillery was founded by a small group of American and Irish businessmen, family and friends. Apart from the Irish whiskey they are distilling, they produced a hybrid blend of American bourbon and Irish whiskey in Philadelphia called Brothership. Not quite Irish whiskey, not quite American bourbon, they see it as a celebration of journeys their families made back and forth across the Atlantic over generations."
dublin-liberties,The Dublin Liberties Distillery,Dublin,Ireland,53.337343,-6.276367,,https://thedld.com,true,"Working distillery, visitor centre, café/bar, and shop

Not everyone will be lucky enough to have master distiller Darryl McNally show them around the DLD but, if you do, you'll get a glimpse of the passion driving this young whiskey brand. And the Derry man, who grew up in a pub before forging a career at Bushmills Distillery, will soon convince you that age truly is just a number. Although the striking cut-stone distillery at the heart of the Liberties only opened in 2019, they've immediately cast off their start-up identity. Using sourced whiskey as their own spirit matures, they are already well established in major markets around the world, courtesy of their relationship with parent group Quintessential Brands.

Already anchored to the Liberties by its 400-year-old building, the people behind the DLD went a step further by dropping a 33-metre-deep well under the building to feed its production. The building was a former tannery that processed animal skins, including

the rabbit skins that were found during the DLD's €10 million renovation. It made sense then to take the brand name Dead Rabbit, which the group already owned, referencing the notorious New York-based Irish immigrant gang of the same name, and partner with their friends at the Dead Rabbit bar in Manhattan to produce the Dead Rabbit whiskey.

On the first floor of the DLD is a beautifully finished bar that runs the length of the building and overlooks their three copper stills. It's undoubtedly the best place to discover their story."
great-northern,Great Northern Distillery,Louth,Ireland,54.001574,-6.40964,,https://gndireland.com/,false,"Working distillery

The Great Northern Distillery (GND) in Dundalk is aptly named. It's a huge operation, and the largest independent distillery in Ireland. Created by John Teeling and his partners after the sale of the Cooley and Kilbeggan Distilleries to Beam Suntory, it is part of a relatively new economy built around contract distilling in bulk for other distilleries and third parties. This could include, for example, small distilleries that haven't yet matured their own spirit, it could be as a supplement to existing mature spirit, or it could be the whiskey source of independent brands that are bonding and blending their own whiskey, but not distilling.

Throughout this book, distilleries will be referenced as using sourced whiskey. GND is one of only a very small number of distilleries with the capacity to be that source. It was set up in a former Diageo brewery that latterly brewed Harp Lager in the town of Dundalk. Its first three-year-old whiskey came of age in 2018.
Using water from the Cooley peninsula, it produces grain whiskey, triple-distilled malt whiskey, double- distilled malt whiskey, peated malt whiskey, and pot still whiskey. Its output is phenomenal - it has a current capacity of sixteen million litres of whiskey spirit. It also produces a poitín and a gin.

In addition to its bulk whiskey, in 2018 it launched an own-label whiskey called Burke's, a fifteen-year-old single cask bottled at 57.5 per cent, or natural cask strength.

As Great Northern Distillery is a large-scale production facility, it doesn't run tours."
