id,title,summary,url,source,published,image_url
2026-09-03-irish-whiskey-magazine-deadline-for-public-consultation-on-irish-whiskey-technical-,Deadline for Public Consultation on Irish Whiskey Technical File,The deadline for public submissions on the amendments to the Irish Whiskey Product Specification is tomorrow 4th September. It’s your opportunity to make a real impact and help define the […] The post Deadline for Public Consultation on...,https://www.irishwhiskeymagazine.com/news/deadline-for-public-consultation-on-irish-whiskey-technical-file/,Irish Whiskey Magazine,2026-09-03,
2026-09-03-irish-whiskey-magazine-dunville-s-irish-whiskey-announces-south-africa-distribution,Dunville’s Irish Whiskey announces South Africa distribution launch,"Dunville’s Irish Whiskey partners with premium spirits import specialists, Firebrand Africa . Firebrand will represent the Dunville’s portfolio across South Africa, which is now a key growth market for Irish […] The post Dunville’s Irish...",https://www.irishwhiskeymagazine.com/news/dunvilles-irish-whiskey-announces-south-africa-distribution-launch/,Irish Whiskey Magazine,2026-09-03,
2026-09-02-irish-whiskey-magazine-irishamerican-whiskey-launches-dublin-airport-exclusive-p-x-,IrishAmerican Whiskey Launches Dublin Airport Exclusive P.X. Single Cask Special Edition,"IrishAmerican Whiskey Dublin Airport Exclusive Special Edition Achill Island Distillery has launched the IrishAmerican P.X. Single Cask Special Edition, created exclusively in collaboration with The Irish Whiskey Collection at […] The post...",https://www.irishwhiskeymagazine.com/news/new-releases/irishamerican-whiskey-dublin-airport-exclusive-p-x-single-cask/,Irish Whiskey Magazine,2026-09-02,
2026-08-11-irish-whiskey-magazine-the-ardara-releases-second-edition-of-ardara-single-malt-iri,The Ardara Releases Second Edition of Ardara Single Malt Irish Whiskey,"Ardara Second Edition of Ardara Single Malt Irish Whiskey The Ardara Distillery, home of Sliabh Liag Distillers, released the 2026 Edition of Ardara Single Malt Irish Whiskey on Saturday […] The post The Ardara Releases Second Edition of...",https://www.irishwhiskeymagazine.com/news/new-releases/the-ardara-releases-second-edition-of-ardara-single-malt-irish-whiskey/,Irish Whiskey Magazine,2026-08-11,
2026-07-30-irish-whiskey-magazine-great-northern-distillery-agrees-long-term-cooperation-agree,Great Northern Distillery Agrees Long-Term Cooperation Agreement with China’s Tsingtao Brewery,"GND agrees long-term agreement with Tsingtao Brewery Great Northern Distillery (“GND”), one of Ireland’s largest independent whiskey producers, has signed a long-term cooperation agreement with Tsingtao Brewery, one of […] The post Great...",https://www.irishwhiskeymagazine.com/news/latest-news/great-northern-distillery-agrees-long-term-cooperation-agreement-with-chinas-tsingtao-brewery/,Irish Whiskey Magazine,2026-07-30,
2026-09-09-the-whiskey-wash-bourbon-with-heart-raffles-elijah-craig-21-year-old-bourbon,Bourbon with Heart Raffles Elijah Craig 21-Year-Old Bourbon,Want to win a bottle of Elijah Craig 21-Year-Old and support Kentucky artists? Bourbon with Heart's charity raffle pairs rare bourbon with hand-painted barrel art. Read the full article at Bourbon with Heart Raffles Elijah Craig...,https://thewhiskeywash.com/whiskey-news/bourbon-with-heart-raffles-elijah-craig-21-year-old-bourbon/,The Whiskey Wash,2026-09-09,
2026-09-09-the-whiskey-wash-heaven-hill-releases-20th-parker-s-heritage-bourbon,Heaven Hill Releases 20th Parker’s Heritage Bourbon,What makes the 20th Parker's Heritage Bourbon so special? This 14-year-old barrel-proof release uses rye backset to honor Parker Beam—and gives back to ALS research. Read the full article at Heaven Hill Releases 20th Parker’s Heritage...,https://thewhiskeywash.com/whiskey-news/heaven-hill-releases-20th-parkers-heritage-bourbon/,The Whiskey Wash,2026-09-09,
2026-09-09-the-whiskey-wash-brown-forman-revives-kentucky-boy-bourbon-for-chris-morris,Brown-Forman Revives Kentucky Boy Bourbon for Chris Morris,What historic brand did Brown-Forman resurrect to honor Master Distiller Chris Morris' 50 years of service? Meet the revived Kentucky Boy Bourbon. Read the full article at Brown-Forman Revives Kentucky Boy Bourbon for Chris Morris,https://thewhiskeywash.com/whiskey-news/brown-forman-revives-kentucky-boy-bourbon-for-chris-morris/,The Whiskey Wash,2026-09-09,
2026-09-09-the-whiskey-wash-ardbeg-vintage-y2k-25-years-old-ends-millennium-series,Ardbeg Vintage_Y2K 25 Years Old Ends Millennium Series,What makes Ardbeg's oldest millennium whisky its most collectible yet? The Vintage_Y2K 25 Years Old finale unites retired-still spirit with rare Tempranillo casks. Read the full article at Ardbeg Vintage_Y2K 25 Years Old Ends Millennium...,https://thewhiskeywash.com/whiskey-news/ardbeg-vintage_y2k-25-years-old-ends-millennium-series/,The Whiskey Wash,2026-09-09,
2026-09-09-the-whiskey-wash-six-decades-of-pushing-boundaries-at-loch-lomond-whiskies,Six Decades of Pushing Boundaries at Loch Lomond Whiskies,What makes Loch Lomond the only distillery in the world crafting a peated single grain whisky? The answer lies in a piece of engineering found nowhere else in Scotch. Read the full article at Six Decades of Pushing Boundaries at Loch...,https://thewhiskeywash.com/whiskey-articles/six-decades-of-pushing-boundaries-at-loch-lomond-whiskies/,The Whiskey Wash,2026-09-09,
2026-09-09-the-whiskey-wash-dalmore-distillery-select-2026-2012-semisecco-marsala-cask-f,Dalmore Distillery Select 2026 2012 Semisecco Marsala Cask Finish,What happens when Dalmore sidesteps its signature sherry casks for Sicilian Marsala wine? This rare 14-year-old single malt delivers a surprising twist. Read the full article at Dalmore Distillery Select 2026 2012 Semisecco Marsala Cask...,https://thewhiskeywash.com/whiskey-reviews/review-dalmore-distillery-select-2026-2012-semisecco-marsala-cask-finish-2026/,The Whiskey Wash,2026-09-09,
2026-09-08-whisky-advocate-single-malts-kiwi-style,"Single Malts, Kiwi-Style","Cardrona, Pōkeno, and Scapegrace, among other whisky distilleries are putting their single malts on the world stage. Creativity and innovation are their driving force.",https://whiskyadvocate.com/new-zealand-whisky-distilleries,Whisky Advocate,2026-09-08,
2026-09-08-whisky-advocate-spas-for-whisky-lovers,Spas For Whisky Lovers,"These spas add whisky to the experience in unique and creative ways. Bourbon scrubs, complimentary pours, and more add a special touch to some rest and relaxation.",https://whiskyadvocate.com/Spas-For-Whisky-Lovers,Whisky Advocate,2026-09-08,
2026-09-04-whisky-advocate-whisky-watch-four-roses-limited-edition-small-batch-baker-s-,"Whisky Watch: Four Roses Limited Edition Small Batch, Baker's 13, Ardbeg 15, & More","Trudernish is Ardbeg's newest core release, Four Roses' Limited Edition Small Batch, Baker's 13, Basil Hayden Cognac Cask, Glendronach Boynsmill House, and more new whiskey.",https://whiskyadvocate.com/four-roses-bakers-13-ardbeg-trudernish-and-more-new-whisky,Whisky Advocate,2026-09-04,
2026-09-04-whisky-advocate-news-notes-uk-shutters-cask-investment-firm-community-owned-,"News Notes: UK Shutters Cask Investment Firm, Community-Owned Scotch Distillery Seeks Funding","In this week's whisky news, GlenWyvis needs significant funding to remain operational, and the UK government has forced Cask Spirits Global to cease operations.",https://whiskyadvocate.com/whisky-news-roundup-september-4-2026,Whisky Advocate,2026-09-04,
2026-09-03-whisky-advocate-the-ultimate-guide-to-grilling-with-whisky,The Ultimate Guide to Grilling with Whisky,"Fire up the grill and whip up these recipes, from a cocktail to dessert, where whisky is the star of the show.",https://whiskyadvocate.com/grilling-with-whisky-recipes,Whisky Advocate,2026-09-03,
2026-09-02-whisky-advocate-whisky-of-the-week-deanston-17-year-old-orange-wine-cask,Whisky of the Week: Deanston 17 year old Orange Wine Cask,"This new scotch single malt from Deanston was aged 15 years in bourbon barrels, then transferred to vino de naranja casks for 2 years. Read our review.",https://whiskyadvocate.com/deanston-17-orange-wine-cask-fnish-review,Whisky Advocate,2026-09-02,
2026-08-28-vinepair-booze-news-weekly-roundup-family-feud-at-brown-forman-sazera,"Booze News Weekly Roundup: Family Feud at Brown-Forman, Sazerac Acquires New Kentucky Distillery, and More","This is VinePair’s Booze News Weekly Roundup, where we gather the hottest headlines and product releases every Friday for a snapshot of what’s happening in the beverage alcohol industry. This week, we have updates on the Brown-Forman...",https://vinepair.com/booze-news/booze-news-weekly-roundup-brown-forman-family-infighting/,VinePair,2026-08-28,
2026-08-25-vinepair-two-years-after-american-single-malt-s-ratification-the-cate,"Two Years After American Single Malt’s Ratification, the Category Is Still Finding Its Way","It’s been nearly two years since the Alcohol and Tobacco Tax and Trade Bureau (TTB) ratified a standard of identity for American single malt. The milestone was hailed as a victory by distillers across the country, many of whom had been...",https://vinepair.com/articles/distillers-form-american-single-malt-identity/,VinePair,2026-08-25,
2026-08-25-vinepair-the-vinepair-podcast-where-s-the-market-for-weird-spirits,The VinePair Podcast: Where’s the Market for Weird Spirits?,"Today on the “VinePair Podcast,” VinePair spirits editor Aaron Goldfarb joins Joanna and Zach to discuss the rise of so-called ”weird” spirits, particularly unusual or unexpected flavors gin, vodka, and whiskey. Who is the target market...",https://vinepair.com/articles/the-vinepair-podcast-wheres-the-market-for-weird-spirits/,VinePair,2026-08-25,
