id,name,type_id,brand_id,distillery_id,abv,age_years,price_usd,rating,tasting_note,excerpt,related_titles,source_url,source_author,source_published,source_image_url
high-n-wicked-saints-and-scholars-ii-19-year-old-single-malt-irish-whiskey,High N' Wicked Saints And Scholars II 19 Year Old Single Malt Irish Whiskey,single-malt,high-n-wicked,,56.7,19,500.0,95,Intensive tropical fruit,"This very rare and exclusive 19-year-old single malt from High N' Wicked was bottled from one of five single barrels of various proofs. The nose is filled with tropical fruit, particularly pineapple...",High N’ Wicked Aeneas Coffey Single Grain Irish Whiskey|High N' Wicked Singular Limited Release No. 6 ‘The Judge’|High N' Wicked ‘The Wild Rover’ Single Malt Irish Whiskey|Proper No. Twelve Irish Whiskey,https://vinepair.com/review/high-n-wicked-saints-and-scholars-ii-19-year-old-single-malt-irish-whiskey/,Tim McKirdy,2023-03-13,https://vinepair.com/wp-content/uploads/2023/03/btb-irish-whiskey-high-n-wicked-single-malt-card.jpg
waterford-single-malt-irish-whisky-biodynamic-luna-1-1,Waterford Single Malt Irish Whisky Biodynamic: Luna 1.1,single-malt,waterford,waterford,50.0,,120.0,94,Bursting with fresh summer berries and succulent fruit,"Waterford is the Irish whiskey distiller for wine drinkers, with terroir-driven expressions and biodynamic barley releases such as this. While the jury remains (mainly) out on the topic of terroir in...",Waterford Irish Single Malt Whisky 'The Cuvée'|Proper No. Twelve Irish Whiskey|Dingle Single Malt Whiskey Batch No. 4|Writers’ Tears ‘Red Head’ Single Malt Irish Whiskey,https://vinepair.com/review/waterford-single-malt-irish-whisky-biodynamic-luna-1-1/,Tim McKirdy,2023-03-13,https://vinepair.com/wp-content/uploads/2023/03/btb-irish-whiskey-waterford-whisky-biodynamic-luna-card.jpg
two-stacks-blended-irish-whiskey-tawny-port-cask-finished,Two Stacks Blended Irish Whiskey 'Tawny Port Cask Finished',blended,two-stacks,,65.0,,93.0,93,An intense blend of ripe berries and deep caramel,"This Two Stacks release enters bottle at a cask-strength 65 percent ABV, and comprises a blend of grain, pot still, and malt whiskeys. It spent the final days of its aging period in Tawny port casks...",Two Stacks The First Cut Irish Whiskey|Method and Madness Rye and Malt Irish Whiskey|Hinch Irish Whiskey Small Batch|Redbreast Single Pot Still Irish Whiskey Pedro Ximénez Edition,https://vinepair.com/review/two-stacks-blended-irish-whiskey-tawny-port-cask-finished/,Tim McKirdy,2023-03-13,https://vinepair.com/wp-content/uploads/2023/03/btb-irish-whiskey-tawny-port-cask-strength-two-stacks-card.jpg
method-and-madness-rye-and-malt-irish-whiskey,Method and Madness Rye and Malt Irish Whiskey,single-pot-still,method-and-madness,midleton,46.0,,80.0,93,An innovative and exciting release,"Irish Distillers International Limited may be best known as the parent company of brands such as Jameson and Redbreast, but its experimental project Method and Madness is worthy of a good share of...",West Cork Distillers Single Malt Irish Whiskey Bog Oak Charred Cask|The Tyrconnell 10 Year Port Cask Finish Irish Whiskey|Redbreast Single Pot Still Irish Whiskey Pedro Ximénez Edition|Writers’ Tears ‘Red Head’ Single Malt Irish Whiskey,https://vinepair.com/review/method-and-madness-rye-and-malt-irish-whiskey/,Tim McKirdy,2023-03-13,https://vinepair.com/wp-content/uploads/2023/03/btb-irish-whiskey-method-and-madness-card.jpg
writers-tears-red-head-single-malt-irish-whiskey,Writers Tears Red Head Single Malt Irish Whiskey,single-malt,writers-tears,,46.0,,70.0,91,Ripe banana meets oak and dried fruits,"Crafted from a triple-distilled single malt, this whiskey is aged exclusively in sherry butts, which lend a rich, copper hue (and also influenced its name). The intensity of its aromas is striking...",Paddy's Old Irish Whiskey|Teeling ‘Blackpitts’ Peated Single Malt Whiskey|Clonakilty Distillery Single Batch Double Oak Cask Finish Irish Whiskey|Method and Madness Rye and Malt Irish Whiskey,https://vinepair.com/review/writers-tears-red-head-single-malt-irish-whiskey/,Tim McKirdy,2023-03-13,https://vinepair.com/wp-content/uploads/2023/03/btb-irish-whiskey-writers-tears-red-head-card.jpg
killowen-distillery-single-malt-irish-whiskey-signature-5-year-rum-and-raisin-inspired,Killowen Distillery Single Malt Irish Whiskey Signature 5 Year Rum and Raisin Inspired,single-malt,killowen,killowen,55.0,5,70.0,92,Liquid dessert,"While cask-finished whiskey lovers may be more interested in the esoteric offerings of Killowen's 10-year-old “Bonded Experimental” series, this 5-year-old “Signature” expression offers much in the...",Writers’ Tears ‘Red Head’ Single Malt Irish Whiskey|Clonakilty Distillery Single Batch Double Oak Cask Finish Irish Whiskey|Proper No. Twelve Irish Whiskey|Hinch Irish Whiskey Small Batch,https://vinepair.com/review/killowen-distillery-single-malt-irish-whiskey-signature-5-year-rum-and-raisin-inspired/,Tim McKirdy,2023-03-13,https://vinepair.com/wp-content/uploads/2023/03/btb-irish-whiskey-killowen-distillery-single-malt-card.jpg
the-midnight-silkie-irish-whiskey,The Midnight Silkie Irish Whiskey,blended,silkie,sliabh-liag,46.0,,48.0,92,Smoky Irish whiskey at its finest,"Crafted from a blend of triple-distilled whiskeys, this release combines five single malts, each of which aged in different types of barrel. One of the five malts (aged in bourbon casks) is peated...",Method and Madness Rye and Malt Irish Whiskey|Writers’ Tears ‘Red Head’ Single Malt Irish Whiskey|Two Stacks Blended Irish Whiskey 'Tawny Port Cask Finished'|High N’ Wicked Aeneas Coffey Single Grain Irish Whiskey,https://vinepair.com/review/the-midnight-silkie-irish-whiskey/,Tim McKirdy,2023-03-13,https://vinepair.com/wp-content/uploads/2023/03/btb-irish-whiskey-the-midnight-silkie-irish-whiskey-card.jpg
west-cork-distillers-single-malt-irish-whiskey-bog-oak-charred-cask,West Cork Distillers Single Malt Irish Whiskey Bog Oak Charred Cask,single-malt,west-cork,west-cork,43.0,,46.0,93,"A savory, complex summer sipper","After aging for 4 years in sherry casks, this single malt spent an unspecified finishing period in charred bog oak casks, an atypical vessel made from wood that has typically been buried and...",West Cork Distillers Bourbon Cask|High N' Wicked ‘Saints And Scholars II’ 19 Year Old Single Malt Irish Whiskey|High N' Wicked ‘The Wild Rover’ Single Malt Irish Whiskey|Limavady Single Barrel Single Malt Irish Whiskey,https://vinepair.com/review/west-cork-distillers-single-malt-irish-whiskey-bog-oak-charred-cask/,Tim McKirdy,2023-03-13,https://vinepair.com/wp-content/uploads/2023/03/btb-irish-whiskey-west-cork-bog-oak-charred-cask-card.jpg
teeling-small-batch-irish-whiskey,Teeling Small Batch Irish Whiskey,blended,teeling,teeling,46.0,,42.0,92,Sweet caramel leads to rich molasses,"Made using a blend of grain and malt whiskeys that have aged for up to 6 years in bourbon barrels, it then spends a final 6-month period in Central American rum casks, adding a unique and delightful...",Teeling ‘Blackpitts’ Peated Single Malt Whiskey|Writers’ Tears Double Oak Irish Whiskey|Waterford Single Malt Irish Whisky ‘Biodynamic: Luna 1.1’|West Cork Distillers Single Malt Irish Whiskey Bog Oak Charred Cask,https://vinepair.com/review/teeling-small-batch-irish-whiskey/,Tim McKirdy,,https://vinepair.com/wp-content/uploads/2023/03/btb-irish-whiskey-teeling-irish-whiskey-card.jpg
hapenny-four-cask-irish-whiskey,Ha'Penny Four Cask Irish Whiskey,blended,hapenny,,43.0,,33.0,90,"A rounded, harmonious blend","Crafted using four types of casks (Port pipes, bourbon casks, sherry butts, and double charred barrels),as well as two types of base whiskey (malt and grain), Ha'Penny takes its name from an old...",Michael Collins Irish Whiskey|Two Stacks The First Cut Irish Whiskey|Paddy's Old Irish Whiskey|High N' Wicked ‘The Wild Rover’ Single Malt Irish Whiskey,https://vinepair.com/review/hapenny-four-cask-irish-whiskey/,Tim McKirdy,2023-03-13,https://vinepair.com/wp-content/uploads/2023/03/btb-irish-whiskey-hapenny-four-cask-irish-whiskey-card.jpg
clonakilty-distillery-single-batch-double-oak-cask-finish-irish-whiskey,Clonakilty Distillery Single Batch Double Oak Cask Finish Irish Whiskey,blended,clonakilty,clonakilty,43.6,,50.0,93,"Caramel, orange, and burnt sugar","""The concept of """"double oak"""" whiskey, which involves finishing an aged distillate in new oak barrels, is more commonly associated with bourbon. However, this blended Irish whiskey takes the concept...",Teeling ‘Blackpitts’ Peated Single Malt Whiskey|Paddy's Old Irish Whiskey|Dingle Single Malt Whiskey Batch No. 4|Waterford Irish Single Malt Whisky 'The Cuvée',https://vinepair.com/review/clonakilty-distillery-single-batch-double-oak-cask-finish-irish-whiskey/,Tim McKirdy,,https://vinepair.com/wp-content/uploads/2022/12/50-best-spirits-2022-spirit-25-ClonakiltyDistillerySingle-BatchDoubleOakFinish-review.jpg
redbreast-21-year-old-single-pot-still-irish-whiskey,Redbreast 21 Year Old Single Pot Still Irish Whiskey,single-pot-still,redbreast,midleton,46.0,21,300.0,97,"Stunningly fresh, tropical fruit","Single pot still releases represent a style that is truly unique to Ireland. What sets it apart from other whiskey styles is the inclusion of unmalted cereal grains in the mash bill, as well as the...",Redbreast Single Pot Still Irish Whiskey Pedro Ximénez Edition|Paddy's Old Irish Whiskey|Waterford Single Malt Irish Whisky ‘Biodynamic: Luna 1.1’|Two Stacks Blended Irish Whiskey 'Tawny Port Cask Finished',https://vinepair.com/review/redbreast-21-year-old-single-pot-still-irish-whiskey/,Tim McKirdy,2023-03-13,https://vinepair.com/wp-content/uploads/2022/12/50-best-spirits-2022-spirit-1-redbreast21yearold-review.jpg
high-n-wicked-aeneas-coffey-single-grain-irish-whiskey,High N Wicked Aeneas Coffey Single Grain Irish Whiskey,single-grain,high-n-wicked,,50.0,,90.0,94,Cake frosting and lemon zest,"Irish whiskey is undergoing a resurgence, with the number of distilleries in the country on the rise. This is paving the way for innovation and experimentation in the industry. An example of this is...",High N' Wicked ‘The Wild Rover’ Single Malt Irish Whiskey|High N' Wicked ‘Saints And Scholars II’ 19 Year Old Single Malt Irish Whiskey|High N' Wicked Singular Limited Release No. 6 ‘The Judge’|Two Stacks Blended Irish Whiskey 'Tawny Port Cask Finished',https://vinepair.com/review/high-n-wicked-aeneas-coffey-single-grain-irish-whiskey/,Tim McKirdy,2023-03-13,https://vinepair.com/wp-content/uploads/2022/12/50-best-spirits-2022-spirit-48-HighandWickedSingleGrainIrishWhiskey-review.jpg
high-n-wicked-the-wild-rover-single-malt-irish-whiskey,High N' Wicked The Wild Rover Single Malt Irish Whiskey,single-malt,high-n-wicked,,58.7,,152.0,95,"A show-stopping, cask-strength single malt","Wyoming-based High N’ Wicked releases limited-edition whiskeys in partnership with the California importer Altamar Brands. The second release from the label, this triple-distilled cask-strength...",High N’ Wicked Aeneas Coffey Single Grain Irish Whiskey|High N' Wicked Singular Limited Release No. 6 ‘The Judge’|High N' Wicked ‘Saints And Scholars II’ 19 Year Old Single Malt Irish Whiskey|Writers’ Tears ‘Red Head’ Single Malt Irish Whiskey,https://vinepair.com/review/high-n-wicked-the-wild-rover-single-malt-irish-whiskey/,Tim McKirdy,2022-06-27,https://vinepair.com/wp-content/uploads/2022/03/buy-this-booze-irish-whiskey_card_highnwicked.jpg
redbreast-single-pot-still-irish-whiskey-pedro-ximenez-edition,Redbreast Single Pot Still Irish Whiskey Pedro Ximénez Edition,single-pot-still,redbreast,midleton,46.0,,124.0,95,Attractively sweet with nutty complexity,"Arriving at the tail end of 2021, this limited-edition Redbreast release is initially aged in bourbon and oloroso sherry casks, then finished for up to 22 months in Pedro Ximénez hogsheads. For those...",Redbreast 21 Year Old Single Pot Still Irish Whiskey|West Cork Distillers Bourbon Cask|Clonakilty Distillery Single Batch Double Oak Cask Finish Irish Whiskey|West Cork Distillers Single Malt Irish Whiskey Bog Oak Charred Cask,https://vinepair.com/review/redbreast-single-pot-still-irish-whiskey-pedro-ximenez-edition/,Tim McKirdy,2023-03-13,https://vinepair.com/wp-content/uploads/2022/03/buy-this-booze-irish-whiskey_card_redbreast.jpg
waterford-irish-single-malt-whisky-the-cuvee,Waterford Irish Single Malt Whisky 'The Cuvée',single-malt,waterford,waterford,50.0,,101.0,94,A harmonious and nuanced blend,"Waterford was founded by Mark Reynier, a former Bruichladdich CEO, and focuses on terroir-driven whiskies that place grain provenance front and center. This, the company’s flagship expression, is...",Waterford Single Malt Irish Whisky ‘Biodynamic: Luna 1.1’|Paddy's Old Irish Whiskey|The Tyrconnell 10 Year Port Cask Finish Irish Whiskey|Writers’ Tears ‘Red Head’ Single Malt Irish Whiskey,https://vinepair.com/review/waterford-irish-single-malt-whisky-the-cuvee/,Tim McKirdy,2022-06-27,https://vinepair.com/wp-content/uploads/2022/03/buy-this-booze-irish-whiskey_card_waterford.jpg
dingle-single-malt-whiskey-batch-no-4,Dingle Single Malt Whiskey Batch No. 4,single-malt,dingle,dingle,46.5,,96.0,92,"A creamy, cereal-like single malt","Established in 2012, the Dingle Distillery is among the newer wave of Irish whiskey producers currently reenergizing the category. While sourcing remains common in the space, Dingle produced all of...",Writers’ Tears ‘Red Head’ Single Malt Irish Whiskey|The Tyrconnell 10 Year Port Cask Finish Irish Whiskey|Waterford Irish Single Malt Whisky 'The Cuvée'|Paddy's Old Irish Whiskey,https://vinepair.com/review/dingle-single-malt-whiskey-batch-no-4/,Tim McKirdy,2022-06-27,https://vinepair.com/wp-content/uploads/2022/03/buy-this-booze-irish-whiskey_card_dingle.jpg
teeling-blackpitts-peated-single-malt-whiskey,Teeling Blackpitts Peated Single Malt Whiskey,single-malt,teeling,teeling,46.0,,79.0,92,"Begins with a bang, finishes with a soft malty landing","Peated whiskey remains much less common in Ireland than it does in Scotland, and this release from Teeling is among the best on offer. Bottled at 46 percent ABV, it's a bold, expressive whiskey...",Teeling Small Batch Irish Whiskey|West Cork Distillers Single Malt Irish Whiskey Bog Oak Charred Cask|Killowen Distillery Single Malt Irish Whiskey Signature 5 Year Rum and Raisin Inspired|Michael Collins Irish Whiskey,https://vinepair.com/review/teeling-blackpitts-peated-single-malt-whiskey/,Tim McKirdy,2022-06-27,https://vinepair.com/wp-content/uploads/2022/03/buy-this-booze-irish-whiskey_internal_blackpitts.jpg
tipperary-single-malt-whiskey-homegrown-barley,Tipperary Single Malt Whiskey 'Homegrown Barley',single-malt,tipperary,,50.0,,78.0,93,Expressive beyond its years,"A true grain to glass release, this single malt is distilled from barley grown on Tipperary’s farm. It's a relatively young release, aged for at least three years in former Rioja barrels, but its 50...",Clonakilty Distillery Single Batch Double Oak Cask Finish Irish Whiskey|Writers’ Tears ‘Red Head’ Single Malt Irish Whiskey|Michael Collins Irish Whiskey|Teeling Small Batch Irish Whiskey,https://vinepair.com/review/tipperary-single-malt-whiskey-homegrown-barley/,Tim McKirdy,2022-06-27,https://vinepair.com/wp-content/uploads/2022/03/buy-this-booze-irish-whiskey_card_tipperary.jpg
writers-tears-double-oak-irish-whiskey,Writers Tears Double Oak Irish Whiskey,blended,writers-tears,,46.0,,61.0,91,A delightful double act,"From Walsh Whiskey, arrives this blend of single pot still and single malt whiskeys, which are aged in bourbon and Cognac casks. Both of those vessels play a large role in its final profile, with...",Clonakilty Distillery Single Batch Double Oak Cask Finish Irish Whiskey|Paddy's Old Irish Whiskey|Killowen Distillery Single Malt Irish Whiskey Signature 5 Year Rum and Raisin Inspired|Two Stacks The First Cut Irish Whiskey,https://vinepair.com/review/writers-tears-double-oak-irish-whiskey/,Tim McKirdy,2022-06-27,https://vinepair.com/wp-content/uploads/2022/03/buy-this-booze-irish-whiskey_card_writerstears.jpg
bushmills-12-year-old-single-malt-irish-whiskey,Bushmills 12 Year Old Single Malt Irish Whiskey,single-malt,bushmills,bushmills,40.0,12,61.0,93,Fortified and sweet wine meets single malt,"This 12-year-old expression joined the permanent Bushmills lineup in early 2022. A single malt whiskey, it spends at least 11 years aging in sherry and bourbon casks before being finished in Marsala...",Clonakilty Distillery Single Batch Double Oak Cask Finish Irish Whiskey|Redbreast Single Pot Still Irish Whiskey Pedro Ximénez Edition|Dingle Single Malt Whiskey Batch No. 4|Tipperary Single Malt Whiskey 'Homegrown Barley',https://vinepair.com/review/bushmills-12-year-old-single-malt-irish-whiskey/,Tim McKirdy,2022-06-27,https://vinepair.com/wp-content/uploads/2022/03/buy-this-booze-irish-whiskey_card_bushmills.jpg
limavady-single-barrel-single-malt-irish-whiskey,Limavady Single Barrel Single Malt Irish Whiskey,single-malt,limavady,,46.0,,51.0,91,A whiskey of pleasant contrasts,"Launched in 2021, Limavady is the brainchild of Darryl McNally, a Bushmills veteran who spent nearly two decades at the iconic distillery. The brand offers one product: a single-barrel (currently...",Dingle Single Malt Whiskey Batch No. 4|Michael Collins Irish Whiskey|Killowen Distillery Single Malt Irish Whiskey Signature 5 Year Rum and Raisin Inspired|Teeling ‘Blackpitts’ Peated Single Malt Whiskey,https://vinepair.com/review/limavady-single-barrel-single-malt-irish-whiskey/,Tim McKirdy,2023-01-03,https://vinepair.com/wp-content/uploads/2022/03/buy-this-booze-irish-whiskey_card_limavady.jpg
two-stacks-the-first-cut-irish-whiskey,Two Stacks The First Cut Irish Whiskey,blended,two-stacks,,42.0,,46.0,90,A distinctive blended Irish whiskey,"Two Stacks is an innovative operator in the Irish whiskey realm, offering single-serve, canned drams, and among the few cask-strength releases we’ve encountered at VinePair. This 42 percent ABV...",Two Stacks Blended Irish Whiskey 'Tawny Port Cask Finished'|Lost Irish Triple Distilled Irish Whiskey|Waterford Irish Single Malt Whisky 'The Cuvée'|High N’ Wicked Aeneas Coffey Single Grain Irish Whiskey,https://vinepair.com/review/two-stacks-the-first-cut-irish-whiskey/,Tim McKirdy,2022-06-27,https://vinepair.com/wp-content/uploads/2022/03/buy-this-booze-irish-whiskey_card_twostacks.jpg
lost-irish-triple-distilled-irish-whiskey,Lost Irish Triple Distilled Irish Whiskey,blended,lost-irish,,40.0,,37.0,92,Takes cask finishing to the next level,"This triple-distilled blend contains grain, malt, and pot still Irish whiskeys. While the use of interesting barrels is becoming more commonplace on the Emerald Isle, few — if any — can boast quite...",Clonakilty Distillery Single Batch Double Oak Cask Finish Irish Whiskey|Two Stacks The First Cut Irish Whiskey|High N' Wicked ‘Saints And Scholars II’ 19 Year Old Single Malt Irish Whiskey|Waterford Single Malt Irish Whisky ‘Biodynamic: Luna 1.1’,https://vinepair.com/review/lost-irish-triple-distilled-irish-whiskey/,Tim McKirdy,2022-06-27,https://vinepair.com/wp-content/uploads/2022/03/buy-this-booze-irish-whiskey_card_lostirish.jpg
hinch-irish-whiskey-small-batch,Hinch Irish Whiskey Small Batch,blended,hinch,hinch,43.0,,32.0,90,A stellar option for spirit-forward Irish whiskey cocktails,"This blended Irish whiskey is finished in bourbon casks, which have a notable influence on the spirit's final profile. Striking caramel and vanilla notes add layers to its sweet and malty core. With...",Redbreast Single Pot Still Irish Whiskey Pedro Ximénez Edition|Two Stacks The First Cut Irish Whiskey|Teeling ‘Blackpitts’ Peated Single Malt Whiskey|Bushmills 12 Year Old Single Malt Irish Whiskey,https://vinepair.com/review/hinch-irish-whiskey-small-batch/,Tim McKirdy,2022-06-27,https://vinepair.com/wp-content/uploads/2022/03/buy-this-booze-irish-whiskey_card_hinch.jpg
the-busker-single-pot-still,The Busker Single Pot Still,single-pot-still,the-busker,royal-oak,44.3,,32.0,89,An approachable and affordable intro to Single Pot Still,"The Busker offers four different Irish Whiskeys: one of them a blend; the other three components that make up that blend. This, a single pot still whiskey, is the standout of the bunch, arriving at...",High N' Wicked ‘The Wild Rover’ Single Malt Irish Whiskey|Teeling Small Batch Irish Whiskey|Redbreast Single Pot Still Irish Whiskey Pedro Ximénez Edition|Killowen Distillery Single Malt Irish Whiskey Signature 5 Year Rum and Raisin Inspired,https://vinepair.com/review/the-busker-single-pot-still/,Tim McKirdy,2022-06-27,https://vinepair.com/wp-content/uploads/2022/03/buy-this-booze-irish-whiskey_card_busker.jpg
west-cork-distillers-bourbon-cask,West Cork Distillers Bourbon Cask,blended,west-cork,west-cork,40.0,,26.0,89,Surprisingly nuanced for the price,"This non-age-statement blend of grain and malt whiskeys is matured in former bourbon casks. Serving a surprisingly delicate profile, there's more nuance in this dram than most similarly priced...",West Cork Distillers Single Malt Irish Whiskey Bog Oak Charred Cask|The Midnight Silkie Irish Whiskey|Killowen Distillery Single Malt Irish Whiskey Signature 5 Year Rum and Raisin Inspired|Teeling Small Batch Irish Whiskey,https://vinepair.com/review/west-cork-distillers-bourbon-cask/,Tim McKirdy,2022-06-27,https://vinepair.com/wp-content/uploads/2022/03/buy-this-booze-irish-whiskey_card_westcork.jpg
proper-no-twelve-irish-whiskey,Proper No. Twelve Irish Whiskey,blended,proper-twelve,,40.0,,25.0,89,A balanced blend with mass appeal,"Surging sales in recent years have seen Proper No. Twelve gain a status akin to the brand's celebrity co-founder, MMA star Conor McGregor. Though it launched as recently as 2018, the profile of this...",Teeling Small Batch Irish Whiskey|Bushmills 12 Year Old Single Malt Irish Whiskey|Redbreast 21 Year Old Single Pot Still Irish Whiskey|Waterford Irish Single Malt Whisky 'The Cuvée',https://vinepair.com/review/proper-no-twelve-irish-whiskey/,Tim McKirdy,2022-06-27,https://vinepair.com/wp-content/uploads/2022/03/buy-this-booze-irish-whiskey_internal_proper12.jpg
michael-collins-irish-whiskey,Michael Collins Irish Whiskey,blended,michael-collins,,40.0,,24.0,89,A fruity and impressive budget Irish whiskey,"An affordable option owned by the Sazerac Company, this Irish whiskey contains a blend of pot still, malt, and grain whiskeys. Considering its price tag, this product has an impressively fruity and...",Writers’ Tears Double Oak Irish Whiskey|Clonakilty Distillery Single Batch Double Oak Cask Finish Irish Whiskey|Two Stacks The First Cut Irish Whiskey|Two Stacks Blended Irish Whiskey 'Tawny Port Cask Finished',https://vinepair.com/review/michael-collins-irish-whiskey/,Tim McKirdy,2022-06-27,https://vinepair.com/wp-content/uploads/2022/03/buy-this-booze-irish-whiskey_card_michaelcollins.jpg
paddys-old-irish-whiskey,Paddy's Old Irish Whiskey,blended,paddy,midleton,40.0,,20.0,89,A budget option brimming with character,"Owned by the Sazerac Company, this blended Irish whiskey arrives at 40 percent ABV. Despite its relatively low proof and budget price, it's brimming with character. Banana and dried red berry aromas...",Bushmills 12 Year Old Single Malt Irish Whiskey|Limavady Single Barrel Single Malt Irish Whiskey|Two Stacks The First Cut Irish Whiskey|Teeling ‘Blackpitts’ Peated Single Malt Whiskey,https://vinepair.com/review/paddys-old-irish-whiskey/,Tim McKirdy,2022-06-27,https://vinepair.com/wp-content/uploads/2022/03/buy-this-booze-irish-whiskey_card_paddy.jpg
bushmills-21-year-old-single-malt,Bushmills 21-Year-Old Single Malt,single-malt,bushmills,bushmills,40.0,21,248.0,97,Worth the splurge for special occasions,This 21-year-old single malt ages for a minimum of 19 years in Oloroso and ex-bourbon casks then spends a further two years maturating in Madeira casks. The combination of age and the different cask...,Bushmills 12 Year Old Single Malt Irish Whiskey|Redbreast Single Pot Still Irish Whiskey Pedro Ximénez Edition|Writers’ Tears Double Oak Irish Whiskey|Dingle Single Malt Whiskey Batch No. 4,https://vinepair.com/review/bushmills-21-year-old-single-malt/,Tim McKirdy,2022-06-27,https://vinepair.com/wp-content/uploads/2021/03/bushmills_review_card.png
green-spot-single-pot-still,Green Spot Single Pot Still,single-pot-still,spot,midleton,40.0,,64.0,95,A standard-bearer for the pot still style,"Combing 7- and 10-year-old pot still whiskeys, Green Spot is instantly inviting with banana muffin, creamy oat, and golden raisin aromas. The palate is complex and layered, and soon delivers on the...",West Cork Distillers Bourbon Cask|Killowen Distillery Single Malt Irish Whiskey Signature 5 Year Rum and Raisin Inspired|High N' Wicked ‘Saints And Scholars II’ 19 Year Old Single Malt Irish Whiskey|Proper No. Twelve Irish Whiskey,https://vinepair.com/review/green-spot-single-pot-still/,Tim McKirdy,2022-06-27,https://vinepair.com/wp-content/uploads/2021/03/greenspot_review_card.png
tullamore-d-e-w-14-year-old-four-cask-finish,Tullamore D.E.W. 14 Year Old Four Cask Finish,single-malt,tullamore-dew,tullamore,41.3,14,75.0,94,Nuanced but approachable whiskey at its neat-sippin' finest.,"A triple-distilled single malt, this release is finished in bourbon, Oloroso sherry, port, and Madeira casks. The influence of the four finishing vessels shines throughout but never threatens to...",Writers’ Tears ‘Red Head’ Single Malt Irish Whiskey|Two Stacks The First Cut Irish Whiskey|Teeling Small Batch Irish Whiskey|The Busker Single Pot Still,https://vinepair.com/review/tullamore-d-e-w-14-year-old-four-cask-finish/,Tim McKirdy,2022-07-26,https://vinepair.com/wp-content/uploads/2021/03/tullamore_review_card.png
egans-vintage-grain,Egans Vintage Grain,single-grain,egans,,46.0,,28.0,93,Summer sippin',"Many encounters with single grain Irish whiskey can lead you to question what the style is striving for: It invariably seems to lack the character of pot still or single malts, and the...",Paddy's Old Irish Whiskey|Writers’ Tears ‘Red Head’ Single Malt Irish Whiskey|Hinch Irish Whiskey Small Batch|Michael Collins Irish Whiskey,https://vinepair.com/review/egans-vintage-grain/,Tim McKirdy,2022-06-27,https://vinepair.com/wp-content/uploads/2021/03/egans_review_card.png
teeling-single-pot-still,Teeling Single Pot Still,single-pot-still,teeling,teeling,46.0,,68.0,93,A fine example of Ireland's signature style,Teeling’s Single Pot Still contains a higher-than-average 50 percent unmalted barley in its mash bill. The influence of unmalted grains — a calling card for Ireland's signature style — is evident...,Teeling Small Batch Irish Whiskey|Teeling ‘Blackpitts’ Peated Single Malt Whiskey|Paddy's Old Irish Whiskey|Proper No. Twelve Irish Whiskey,https://vinepair.com/review/teeling-single-pot-still/,Tim McKirdy,2022-06-27,https://vinepair.com/wp-content/uploads/2021/03/teeling_review_card.png
redbreast-12-year-old-single-pot-still,Redbreast 12-Year-Old Single Pot Still,single-pot-still,redbreast,midleton,40.0,12,64.0,94,Single pot still stalwart,"A stalwart in the single pot still category, Red Breast 12-year-old serves an easy-going, approachable intro to Ireland's traditional style of whiskey. Its inviting aromas start with dried fruits...",Redbreast Single Pot Still Irish Whiskey Pedro Ximénez Edition|Redbreast 21 Year Old Single Pot Still Irish Whiskey|Lost Irish Triple Distilled Irish Whiskey|Writers’ Tears ‘Red Head’ Single Malt Irish Whiskey,https://vinepair.com/review/redbreast-12-year-old-single-pot-still/,Tim McKirdy,2022-06-27,https://vinepair.com/wp-content/uploads/2021/03/redbreast_review_card.png
two-stacks-the-blenders-cut-cask-strength,Two Stacks The Blenders Cut Cask Strength,blended,two-stacks,,65.0,,60.0,93,Cask strength Irish whiskey? We're here for it,"Cask strength releases are seldom found in the realm of Irish whiskey but this release makes a strong argument in favor of them. Along with its 65 percent ABV content, the intriguing blend of grain...",Two Stacks Blended Irish Whiskey 'Tawny Port Cask Finished'|Two Stacks The First Cut Irish Whiskey|The Midnight Silkie Irish Whiskey|Limavady Single Barrel Single Malt Irish Whiskey,https://vinepair.com/review/two-stacks-the-blenders-cut-cask-strength/,Tim McKirdy,2022-06-27,https://vinepair.com/wp-content/uploads/2021/03/twostacks_review_card.png
the-busker-triple-cask-triple-smooth,The Busker Triple Cask Triple Smooth,blended,the-busker,royal-oak,40.0,,26.0,92,Can't argue with the name,"Aged and finished in bourbon, marsala, and sherry casks, this release combines a blend of single grain, single malt, and pot still whiskeys. The nose leads with rich malt aromas, followed by hints of...",The Busker Single Pot Still|Hinch Irish Whiskey Small Batch|Ha'Penny Four Cask Irish Whiskey|Limavady Single Barrel Single Malt Irish Whiskey,https://vinepair.com/review/the-busker-triple-cask-triple-smooth/,Tim McKirdy,2022-06-27,https://vinepair.com/wp-content/uploads/2021/03/busker_review_card.png
jameson-black-barrel,Jameson Black Barrel,blended,jameson,midleton,40.0,,37.0,91,All about the charred oak,"None can argue with the ubiquitous popularity of Jameson's flagship offering, but for added intensity and complexity seek out the brand's Black Barrel release. The name refers to a re-charring...",Waterford Irish Single Malt Whisky 'The Cuvée'|High N' Wicked ‘The Wild Rover’ Single Malt Irish Whiskey|Proper No. Twelve Irish Whiskey|Two Stacks Blended Irish Whiskey 'Tawny Port Cask Finished',https://vinepair.com/review/jameson-black-barrel/,Tim McKirdy,2022-06-27,https://vinepair.com/wp-content/uploads/2021/03/jameson_review_card.png
grace-omalley-blended-irish-whiskey,Grace O'Malley Blended Irish Whiskey,blended,grace-omalley,,40.0,,36.0,91,Recollections of rye,"Banana meets spearmint on the nose of this blend of grain and malt Irish whiskeys, which mature for three to 10 years in French oak, bourbon, and rum casks. The palate continues with spiced cereal...",Teeling Small Batch Irish Whiskey|The Midnight Silkie Irish Whiskey|Two Stacks The First Cut Irish Whiskey|Paddy's Old Irish Whiskey,https://vinepair.com/review/grace-omalley-blended-irish-whiskey/,Tim McKirdy,2022-06-27,https://vinepair.com/wp-content/uploads/2021/03/grace_review_card.png
powers-gold-label,Powers Gold Label,blended,powers,midleton,43.2,,30.0,90,Banana and pinapple husk,"A blend of grain and triple-distilled pot still whiskeys, Powers Gold Label immediately draws you in with banana and pineapple husk aromas, under which runs a luxurious waft of vanilla and baking...",Waterford Single Malt Irish Whisky ‘Biodynamic: Luna 1.1’|Teeling ‘Blackpitts’ Peated Single Malt Whiskey|High N' Wicked ‘Saints And Scholars II’ 19 Year Old Single Malt Irish Whiskey|Clonakilty Distillery Single Batch Double Oak Cask Finish Irish Whiskey,https://vinepair.com/review/powers-gold-label/,Tim McKirdy,2022-06-27,https://vinepair.com/wp-content/uploads/2021/03/powers_review_card.png
roe-and-co-blended-irish-whiskey,Roe & Co. Blended Irish Whiskey,blended,roe-and-co,roe-and-co,45.0,,35.0,90,"Perfumed aromas, rich palate","This blended whiskey from Diageo-owned Roe & Co. combines aged malt and grain distillates. It has a light, perfumed nose with plenty of fruit character. Moving onto the palate the dram gains richness...",Writers’ Tears Double Oak Irish Whiskey|Writers’ Tears ‘Red Head’ Single Malt Irish Whiskey|Bushmills 12 Year Old Single Malt Irish Whiskey|Tipperary Single Malt Whiskey 'Homegrown Barley',https://vinepair.com/review/roe-co-blended-irish-whiskey/,Tim McKirdy,2022-06-27,https://vinepair.com/wp-content/uploads/2021/03/roecoe_review_card.png
teeling-single-malt,Teeling Single Malt,single-malt,teeling,teeling,46.0,,60.0,91,A refined Irish single malt,"Established in 2015, the Teeling Distillery is the first new distillery to open in Dublin for over 125 years. This single malt is one of a number of high-quality releases from this brand. Matured and...",Teeling ‘Blackpitts’ Peated Single Malt Whiskey|Teeling Small Batch Irish Whiskey|Paddy's Old Irish Whiskey|Proper No. Twelve Irish Whiskey,https://vinepair.com/review/teeling-single-malt/,Tim McKirdy,2022-06-27,https://vinepair.com/wp-content/uploads/2020/06/btbirishwhiskey_review_teeling.png
knappogue-castle-12-years-old-single-malt,Knappogue Castle 12 Years Old Single Malt,single-malt,knappogue-castle,,46.0,12,47.0,94,The perfect whiskey for summer sipping,"This single malt is triple-distilled and aged for 12 years in bourbon casks. The nose is rich and inviting, with aromas of dried stone fruits, nuts, and malted barley. That combination continues...",Killowen Distillery Single Malt Irish Whiskey Signature 5 Year Rum and Raisin Inspired|Clonakilty Distillery Single Batch Double Oak Cask Finish Irish Whiskey|Lost Irish Triple Distilled Irish Whiskey|The Midnight Silkie Irish Whiskey,https://vinepair.com/review/knappogue-castle-12-years-old-single-malt/,Tim McKirdy,2022-06-27,https://vinepair.com/wp-content/uploads/2020/06/btbirishwhiskey_review_knappogue.png
the-tyrconnell-10-year-old-madeira-cask-finish,The Tyrconnell 10 Year Old Madeira Cask Finish,single-malt,tyrconnell,cooley,46.0,10,81.0,91,Worth the splurge,"This double-distilled single malt rests for 10 years in bourbon barrels before a final finishing period in Madeira casks. The fortified Portuguese wine has a delightful influence, adding honeyed...",The Tyrconnell 10 Year Port Cask Finish Irish Whiskey|Hinch Irish Whiskey Small Batch|Teeling ‘Blackpitts’ Peated Single Malt Whiskey|West Cork Distillers Single Malt Irish Whiskey Bog Oak Charred Cask,https://vinepair.com/review/the-tyrconnell-10-year-old-madeira-cask-finish/,Tim McKirdy,2022-06-27,https://vinepair.com/wp-content/uploads/2020/06/btbirishwhiskey_review_tyrconnel.png
sexton-single-malt,Sexton Single Malt,single-malt,sexton,bushmills,40.0,,28.0,88,Rich and approachable with a spiced finish,"This rich and approachable whiskey arrives in an unconventional, new-age bottle. Malted barley takes center stage on the nose, followed by sweet undertones of green apple and milk chocolate. The...",Waterford Irish Single Malt Whisky 'The Cuvée'|The Midnight Silkie Irish Whiskey|Two Stacks Blended Irish Whiskey 'Tawny Port Cask Finished'|Redbreast Single Pot Still Irish Whiskey Pedro Ximénez Edition,https://vinepair.com/review/sexton-single-malt/,Tim McKirdy,2022-06-27,https://vinepair.com/wp-content/uploads/2020/06/btbirishwhiskey_review_sexton.png
powers-johns-lane-12-years,Powers Johns Lane 12 Years,single-pot-still,powers,midleton,46.0,12,71.0,94,Apples and honey with a hint of leather,"This pot still release ages for 12 years in ex-bourbon casks, while a small proportion also rests for one year in Oloroso sherry butts. The resulting spirit has a luxurious profile that's...",Hinch Irish Whiskey Small Batch|Two Stacks Blended Irish Whiskey 'Tawny Port Cask Finished'|Proper No. Twelve Irish Whiskey|High N’ Wicked Aeneas Coffey Single Grain Irish Whiskey,https://vinepair.com/review/powers-johns-lane-12-years/,Tim McKirdy,2022-06-27,https://vinepair.com/wp-content/uploads/2020/06/btbirishwhiskey_review_powers.png
slane-triple-casked,Slane Triple Casked,blended,slane,slane,40.0,,27.0,91,Bold but balanced,"This release matures in three different types of oak before bottling: new oak, former Tennessee and bourbon whiskey barrels, and sherry casks. The notable wood influence is apparent throughout but...",West Cork Distillers Single Malt Irish Whiskey Bog Oak Charred Cask|Two Stacks The First Cut Irish Whiskey|Clonakilty Distillery Single Batch Double Oak Cask Finish Irish Whiskey|Paddy's Old Irish Whiskey,https://vinepair.com/review/slane-triple-casked/,Tim McKirdy,2022-06-27,https://vinepair.com/wp-content/uploads/2020/06/btbirishwhiskey_review_slane.png
the-irishman-small-batch-founders-reserve,The Irishman Small Batch Founders Reserve,blended,the-irishman,,40.0,,32.0,91,Robust and full of character,This release contains an interesting blend of 70 percent single malt and 30 percent pot still whiskeys. The result is a whiskey that's robust enough for cocktails but also has plenty of character to...,Redbreast 21 Year Old Single Pot Still Irish Whiskey|Clonakilty Distillery Single Batch Double Oak Cask Finish Irish Whiskey|Michael Collins Irish Whiskey|The Busker Single Pot Still,https://vinepair.com/review/the-irishman-small-batch-founders-reserve/,Tim McKirdy,2022-06-27,https://vinepair.com/wp-content/uploads/2020/06/btbirishwhiskey_review_irishman.png
bushmills-single-malt-10-years,Bushmills Single Malt 10 Years,single-malt,bushmills,bushmills,40.0,10,46.0,95,Single malt Scotch — beware!,"The Scots may have cornered the single malt category, but this 10-year aged expression from Bushmills offers stiff competition. Over the course of the decade aging, the whiskey has developed complex...",Bushmills 12 Year Old Single Malt Irish Whiskey|Two Stacks The First Cut Irish Whiskey|Redbreast 21 Year Old Single Pot Still Irish Whiskey|The Busker Single Pot Still,https://vinepair.com/review/bushmills-single-malt-10-years/,Tim McKirdy,2022-06-27,https://vinepair.com/wp-content/uploads/2020/06/btbirishwhiskey_review_busmills.png
redbreast-single-pot-still-lustau-finish,Redbreast Single Pot Still Lustau Finish,single-pot-still,redbreast,midleton,46.0,,73.0,97,Double sherry casked!,"Containing a blend of malted and unmalted barley in the mash bill, this pot still whiskey is triple distilled before it embarks on a long aging journey. That journey begins with a period of nine to...",Redbreast 21 Year Old Single Pot Still Irish Whiskey|Redbreast Single Pot Still Irish Whiskey Pedro Ximénez Edition|Bushmills 12 Year Old Single Malt Irish Whiskey|Paddy's Old Irish Whiskey,,Tim McKirdy,2022-06-27,https://vinepair.com/wp-content/uploads/2020/06/btbirishwhiskey_review_redbreast.png
kilbeggan-single-pot-still,Kilbeggan Single Pot Still,single-pot-still,kilbeggan,kilbeggan,43.0,,45.0,97,Oats!,"Along with malted and unmalted barley, this release includes 2.5 percent oats in the mash bill. That doesn’t sound like a lot, but it plays a major, positive impact on the whiskey’s character. On the...",Proper No. Twelve Irish Whiskey|The Tyrconnell 10 Year Port Cask Finish Irish Whiskey|Writers’ Tears ‘Red Head’ Single Malt Irish Whiskey|Killowen Distillery Single Malt Irish Whiskey Signature 5 Year Rum and Raisin Inspired,https://vinepair.com/review/kilbeggan-single-pot-still/,Tim McKirdy,2022-06-27,https://vinepair.com/wp-content/uploads/2020/06/btbirishwhiskey_review_kilbeggan.png
glendalough-pot-still,Glendalough Pot Still,single-pot-still,glendalough,glendalough,43.0,,56.0,94,A truly Irish whiskey,"This is a truly Irish whiskey. For the final year of its maturation period, this release rests in virgin casks made from Irish oak. The influence of that oak is well integrated on the nose and the...",West Cork Distillers Single Malt Irish Whiskey Bog Oak Charred Cask|High N’ Wicked Aeneas Coffey Single Grain Irish Whiskey|Dingle Single Malt Whiskey Batch No. 4|Two Stacks Blended Irish Whiskey 'Tawny Port Cask Finished',https://vinepair.com/review/glendalough-pot-still/,Tim McKirdy,2022-06-27,https://vinepair.com/wp-content/uploads/2020/06/btbirishwhiskey_review_glendalough.png
tullamore-d-e-w-caribbean-rum-cask-finish,Tullamore D.E.W. Caribbean Rum Cask Finish,blended,tullamore-dew,tullamore,43.0,,29.0,88,A smooth-sipping fruit-forward Irish whiskey,"This triple distilled blend contains pot still, malt, and grain Irish whiskeys. Its overall profile is smooth-sipping and fruit-forward. A distinctive banana chip note runs throughout the nose and...",Method and Madness Rye and Malt Irish Whiskey|Michael Collins Irish Whiskey|Paddy's Old Irish Whiskey|Lost Irish Triple Distilled Irish Whiskey,https://vinepair.com/review/tullamore-d-e-w-caribbean-rum-cask-finish/,Tim McKirdy,2022-06-27,https://vinepair.com/wp-content/uploads/2020/06/btbirishwhiskey_review_tullamore.png
